id,X,Y
257943482,-77.0935035,-12.0869617
257943483,-77.0953946,-12.0860982
257943488,-77.0994245,-12.0763946
257946389,-77.0885903,-12.0877139
257946393,-77.0880272,-12.086526
257946397,-77.0959274,-12.0829187
257946400,-77.097742,-12.0752241
257946401,-77.0982145,-12.0749939
301455182,-77.0792273,-12.0786302
301455186,-77.082075,-12.0780973
301455189,-77.0903583,-12.0779303
301457497,-77.1025775,-12.0729014
309580951,-77.102937,-12.0798365
309581430,-77.0857508,-12.0816311
309581432,-77.0861839,-12.0826194
309581436,-77.0874112,-12.0852468
316802214,-77.08133,-12.0787986
316802224,-77.0793527,-12.0745774
316802232,-77.0779232,-12.070418
316802235,-77.0777313,-12.0684224
316802435,-77.0780396,-12.0701703
316802448,-77.0814309,-12.0774376
316802453,-77.0818228,-12.0787684
316802454,-77.0817707,-12.078931
316802674,-77.0838251,-12.0868897
316802709,-77.0836865,-12.0869546
316802714,-77.0825714,-12.0835999
316802715,-77.0822626,-12.0819258
316802716,-77.0820526,-12.080838
316802800,-77.0823954,-12.0819048
316802801,-77.0827041,-12.0835587
316802802,-77.0829587,-12.0846813
316802849,-77.0809219,-12.0775223
316803089,-77.0757414,-12.0709119
316803090,-77.0722837,-12.0716789
316803092,-77.0694503,-12.0722013
316803311,-77.0742699,-12.071142
316803496,-77.0755507,-12.0679589
317337153,-77.1042043,-12.0657774
317337272,-77.1041481,-12.0688842
317337277,-77.1039463,-12.0671179
317337473,-77.1042974,-12.0647188
317337476,-77.1007482,-12.0643469
317337478,-77.0972977,-12.0643594
317337486,-77.0972926,-12.0642488
317337491,-77.1007307,-12.0642254
317337492,-77.1015132,-12.0642972
317337496,-77.104108,-12.064577
317337531,-77.1040861,-12.0668452
317337572,-77.1042618,-12.0688535
317337576,-77.1014394,-12.068824
317337577,-77.1040797,-12.0684893
317337580,-77.0984656,-12.0695243
317337723,-77.0981408,-12.0695583
317337724,-77.0932221,-12.070119
317337727,-77.0916399,-12.0707327
317337732,-77.0868861,-12.0730237
317337750,-77.0915212,-12.0703993
317337751,-77.0916015,-12.0703241
317337753,-77.0921137,-12.0700544
317337756,-77.0931643,-12.0697536
317337758,-77.0946539,-12.0695729
317337759,-77.0978866,-12.0692037
317337819,-77.0913069,-12.0692066
317337823,-77.0917365,-12.0707006
317337826,-77.0918613,-12.0711692
317337831,-77.0921544,-12.0740862
317337835,-77.0929246,-12.0762426
317337878,-77.0933039,-12.0773419
317337884,-77.0920388,-12.0740996
317337887,-77.0917583,-12.0712088
317337890,-77.0912113,-12.0692447
317337916,-77.088743,-12.0776937
317337920,-77.0893398,-12.0778078
317337921,-77.0903524,-12.0778134
317337922,-77.0908335,-12.0777956
317337923,-77.0912846,-12.0777405
317337927,-77.0921474,-12.0775775
317337931,-77.0932004,-12.0771067
317337941,-77.0885065,-12.0779591
317337956,-77.087036,-12.073683
317337966,-77.0848502,-12.0743376
317337967,-77.0850062,-12.0750622
317337971,-77.0851929,-12.0777457
317337972,-77.0851953,-12.0780259
317338061,-77.0837768,-12.0745324
317338169,-77.0870468,-12.0869722
317338170,-77.086682,-12.0862125
317338171,-77.0864337,-12.0856955
317338174,-77.0853161,-12.082883
317338176,-77.0850036,-12.0817087
317338180,-77.0846321,-12.0794656
331596103,-77.0989891,-12.0739019
331596105,-77.0990764,-12.0731318
331596108,-77.098008,-12.0695721
331596284,-77.0975166,-12.0673428
331596285,-77.0976017,-12.0677751
331596287,-77.0997857,-12.0734362
331596288,-77.0993383,-12.073036
331596292,-77.1001129,-12.0740615
331597610,-77.0800814,-12.0785361
331597611,-77.0806599,-12.078421
331597613,-77.0811315,-12.0783346
331597615,-77.0817626,-12.078283
331597619,-77.0912113,-12.0780229
331597623,-77.0928796,-12.0776884
380945444,-77.0830631,-12.0872521
380945447,-77.0826794,-12.0863694
380945451,-77.0823022,-12.0856567
380945456,-77.0833012,-12.0860908
380988075,-77.0932749,-12.0671838
380988092,-77.0936329,-12.0667448
380988106,-77.0942419,-12.0663093
380988122,-77.0971947,-12.0647588
409484474,-77.0844757,-12.0855351
462972817,-77.0817021,-12.0781091
462973799,-77.0825822,-12.0782559
462979629,-77.0815363,-12.0775011
462980385,-77.0810689,-12.0781676
474873087,-77.1034728,-12.0809913
474873137,-77.1023088,-12.0815269
474873201,-77.1010739,-12.0820806
474873203,-77.1016327,-12.0833565
474873270,-77.0984814,-12.0832301
474878823,-77.1042371,-12.0739413
474879545,-77.0971984,-12.0648272
474879546,-77.1002766,-12.0648082
474879580,-77.1027748,-12.0661365
474879581,-77.0973816,-12.0661711
474879624,-77.1028998,-12.0645287
474879625,-77.1027828,-12.0671499
474879655,-77.101702,-12.0644277
474879657,-77.1002937,-12.0656643
474879685,-77.1002743,-12.0643467
474879686,-77.1002946,-12.0661637
474879709,-77.101254,-12.0642713
474879710,-77.1012366,-12.0656606
474879749,-77.100749,-12.0656625
474879837,-77.1040446,-12.065975
474879842,-77.1033874,-12.0650684
474879894,-77.1033409,-12.0654319
475476674,-77.0992154,-12.0643417
475476676,-77.0996259,-12.0637657
475476728,-77.0982551,-12.0633592
475476745,-77.0976583,-12.0633009
475476747,-77.0988729,-12.063423
475476749,-77.0993548,-12.0632288
475476816,-77.1037262,-12.0637854
475476850,-77.0998173,-12.0661701
475476851,-77.0998087,-12.064816
475476859,-77.0993432,-12.0656789
475476906,-77.0979227,-12.065678
475477030,-77.0983963,-12.0656783
475477111,-77.103383,-12.0671315
475477113,-77.1012592,-12.0672958
475477117,-77.0980725,-12.0666873
475477118,-77.1011905,-12.0666495
475477119,-77.1011049,-12.0661529
475477140,-77.1013264,-12.0678007
475477145,-77.0993753,-12.068028
475477148,-77.097735,-12.0682881
475477205,-77.1007097,-12.0666534
475477208,-77.1008316,-12.0678619
475477209,-77.1002463,-12.0666571
475477234,-77.1003374,-12.067923
475477235,-77.0997485,-12.0666612
475477377,-77.0998561,-12.0679817
475477434,-77.0992678,-12.0666651
475477437,-77.0994997,-12.0690336
475477445,-77.0982156,-12.0681558
475477447,-77.0985176,-12.066671
475477474,-77.0986846,-12.0681044
475477475,-77.1013702,-12.068291
475477496,-77.0979443,-12.0687098
475477524,-77.1033964,-12.0664145
475477532,-77.1018159,-12.0672277
475477551,-77.1021046,-12.0677388
475477793,-77.0989672,-12.0719208
475477808,-77.1017886,-12.0691574
475477809,-77.1018511,-12.069796
475477812,-77.1021488,-12.0707871
475477822,-77.1012569,-12.069215
475477825,-77.1016326,-12.0709521
475477829,-77.1007872,-12.0692659
475477832,-77.1011866,-12.0711075
475477857,-77.0990533,-12.0700824
475477863,-77.1012657,-12.0727297
475477867,-77.1005732,-12.0713518
475477869,-77.1016808,-12.0735181
475477875,-77.1000702,-12.0715482
475477876,-77.1007396,-12.072934
475477885,-77.1004763,-12.0724183
475477890,-77.0999881,-12.0726695
475477895,-77.1020207,-12.0717711
475477896,-77.1010114,-12.0722387
475477901,-77.1015064,-12.0720094
475477916,-77.102072,-12.073153
475477917,-77.1031079,-12.0690143
475477918,-77.1034387,-12.0703941
475477943,-77.1042557,-12.0693394
475477944,-77.1032348,-12.0695163
475477946,-77.1018354,-12.0696845
475478044,-77.1036008,-12.0703633
475478045,-77.1037453,-12.070989
494379565,-77.0706544,-12.0634099
494413680,-77.0781542,-12.0642157
494413697,-77.0713832,-12.0642986
494493544,-77.0741111,-12.0761731
494493560,-77.079223,-12.0749324
494493571,-77.0829091,-12.0746231
494493621,-77.0848693,-12.0744
494493627,-77.0829572,-12.0747296
494548981,-77.0819265,-12.0652182
494600082,-77.073778,-12.0660371
494600139,-77.0723142,-12.0656499
494600141,-77.0736496,-12.0660213
494746320,-77.073602,-12.0632366
494746323,-77.0748768,-12.0634168
494746395,-77.0774503,-12.0640283
495350837,-77.0737432,-12.0672841
495351202,-77.076167,-12.0675732
499727087,-77.0703309,-12.0632803
499734194,-77.0706162,-12.0636201
499745932,-77.0712637,-12.0643925
499751496,-77.0694792,-12.067678
499773065,-77.0715697,-12.0677211
499773518,-77.0720728,-12.0653698
499775029,-77.0732943,-12.0668286
499796384,-77.0730909,-12.0632918
499796388,-77.0731828,-12.0642463
499796395,-77.0736618,-12.0653919
499796410,-77.0723681,-12.0647008
499796426,-77.0731718,-12.0637778
499797434,-77.0736144,-12.0675192
499840956,-77.077292,-12.0659654
499841740,-77.0742721,-12.0672895
499841834,-77.0743395,-12.0639196
499843646,-77.0752837,-12.0659289
499843649,-77.0743079,-12.0659106
499844763,-77.0773888,-12.0650587
499845689,-77.0773514,-12.0654816
499845695,-77.0753949,-12.0641396
499846302,-77.0748429,-12.0640068
499847003,-77.0774059,-12.0646189
499847010,-77.0738221,-12.0638981
544355321,-77.0794632,-12.080641
548732884,-77.0840806,-12.087405
548734808,-77.0790569,-12.0853667
548736076,-77.0830083,-12.0852897
548736229,-77.0807394,-12.086475
548737131,-77.0827176,-12.0854466
548737577,-77.0810318,-12.0823015
548738100,-77.0814979,-12.0841373
548738116,-77.0806103,-12.0825006
548738318,-77.0810784,-12.0843398
548738351,-77.0820819,-12.0852407
548738624,-77.0809455,-12.0858367
548738654,-77.081274,-12.0847232
548738831,-77.0805605,-12.0851109
548738834,-77.0801514,-12.0853327
548739106,-77.0811617,-12.0862528
548740274,-77.0851018,-12.0841369
548740670,-77.0845498,-12.0842821
548741400,-77.0849729,-12.0853051
548742773,-77.0872035,-12.0848066
548744434,-77.0870558,-12.073738
548745148,-77.0940665,-12.0788815
548745860,-77.1000806,-12.074265
548746499,-77.0993653,-12.0746139
548746518,-77.0991899,-12.0745202
548759596,-77.1012656,-12.0735327
548815064,-77.0998623,-12.0773178
589642443,-77.0938638,-12.0770758
589642520,-77.0778951,-12.0684599
589642541,-77.0791561,-12.0741481
589642550,-77.0781912,-12.0715402
589642569,-77.0797755,-12.0748205
589642572,-77.079854,-12.07492
589642608,-77.0795851,-12.074849
589642628,-77.083821,-12.074638
589642633,-77.0796581,-12.0749304
589642691,-77.0845262,-12.0782086
589642694,-77.0845873,-12.0789101
589642708,-77.0851978,-12.0781922
589642714,-77.0852163,-12.0788746
589643101,-77.0896044,-12.0872473
589643132,-77.0933855,-12.0775083
589643195,-77.0964774,-12.0841056
592287414,-77.0934982,-12.07746
592287531,-77.0906876,-12.0779135
592287606,-77.0933062,-12.0770645
593898337,-77.0903863,-12.0845685
593898338,-77.0908131,-12.0852572
593898339,-77.0913686,-12.0864478
593898341,-77.091971,-12.0877158
593898343,-77.0898597,-12.0841226
593898344,-77.0886111,-12.0814722
593898345,-77.0882375,-12.0808763
593898346,-77.0879737,-12.0804494
593898347,-77.0877307,-12.0799801
593898350,-77.0870214,-12.0783486
593898351,-77.086828,-12.07815
593898354,-77.088368,-12.0808074
593898363,-77.0863438,-12.0815272
593898366,-77.0835311,-12.0818184
593898370,-77.0790603,-12.0832984
593898371,-77.0773434,-12.0841711
593898380,-77.0749435,-12.0874989
593898381,-77.0766775,-12.0865885
593898382,-77.0782037,-12.0858174
593898383,-77.0799274,-12.0848955
593898389,-77.0833319,-12.0833917
593898395,-77.0847384,-12.0830316
593898396,-77.0867245,-12.082376
593898399,-77.0887567,-12.0813969
593898417,-77.0876316,-12.0781374
593898516,-77.0941094,-12.0789759
599290421,-77.0994288,-12.071223
599290433,-77.1010091,-12.0706276
605041167,-77.0739744,-12.0856241
605041175,-77.0843469,-12.0866383
605041187,-77.0828247,-12.0841322
605041188,-77.084912,-12.0836103
605041189,-77.0835209,-12.0845472
605041191,-77.0862287,-12.0852686
605041192,-77.084665,-12.0859807
605041200,-77.0803683,-12.0820432
605041202,-77.0801322,-12.0814199
605041206,-77.0854836,-12.0850749
605041226,-77.086037,-12.0848281
605041264,-77.0981297,-12.0781485
605041266,-77.0945352,-12.0799053
605041323,-77.0937141,-12.0780851
605673328,-77.0699263,-12.0871295
605673340,-77.0709737,-12.0867237
605673345,-77.0719779,-12.0863514
605673350,-77.0730501,-12.0859931
605673355,-77.0743447,-12.0854759
605673399,-77.0696373,-12.0863567
605673417,-77.0706943,-12.0859932
605673420,-77.0717094,-12.0856099
605673468,-77.0693718,-12.085625
605673477,-77.0704111,-12.0852528
605673483,-77.0714413,-12.0848838
605673492,-77.0724475,-12.0845172
605673510,-77.0744738,-12.0835557
605673547,-77.0700436,-12.0842919
605673551,-77.0710666,-12.0839202
605673554,-77.072128,-12.0835574
605673558,-77.0731983,-12.0830592
605673847,-77.0713455,-12.0876956
605673864,-77.0723973,-12.0873361
605673865,-77.0734333,-12.0869756
605673873,-77.0744703,-12.0866089
605674138,-77.0728426,-12.0853793
605674216,-77.0707058,-12.0829677
605674221,-77.0703527,-12.0820351
605674302,-77.0718019,-12.0825681
605674307,-77.0714619,-12.0816248
606182709,-77.0736349,-12.083955
606182710,-77.073418,-12.083535
606182711,-77.0730006,-12.0826588
606182712,-77.0725405,-12.0817215
606182713,-77.0723857,-12.0812914
606182714,-77.0724179,-12.0828471
606182715,-77.071946,-12.0830158
606182717,-77.0720735,-12.0818789
606182718,-77.0735407,-12.0858031
606182719,-77.0727084,-12.0844004
606182728,-77.0740877,-12.0858396
606182729,-77.0733205,-12.0814581
606182730,-77.0716094,-12.0820354
606182731,-77.0704962,-12.0824142
606936955,-77.0811624,-12.0835608
606936956,-77.0807437,-12.0837965
606936957,-77.0796369,-12.0843707
606936975,-77.0824146,-12.0875877
606936980,-77.0783726,-12.0813273
606936981,-77.0784526,-12.0817901
606936984,-77.0788246,-12.082857
606937023,-77.0782166,-12.0877499
606937031,-77.0786443,-12.0875218
606937035,-77.0760478,-12.0863982
606937036,-77.0758332,-12.085993
606937037,-77.0756195,-12.0855896
606937038,-77.0749369,-12.0864562
606937044,-77.0790062,-12.0873265
606937053,-77.076464,-12.0861839
606937054,-77.0760377,-12.0853763
606937055,-77.0758158,-12.0849561
606937059,-77.0750885,-12.0858606
606937061,-77.0747192,-12.086049
606937063,-77.0742999,-12.086263
606937064,-77.0751527,-12.0868598
606937065,-77.0753718,-12.0872715
606937066,-77.0772576,-12.081514
606937067,-77.0771213,-12.0810193
606937073,-77.0773352,-12.0800326
606937074,-77.0775004,-12.0804754
606937075,-77.0776424,-12.0809015
606937095,-77.0790451,-12.0794388
606937096,-77.078274,-12.0796919
606937097,-77.0763844,-12.0803877
606937098,-77.0759624,-12.0805508
606937099,-77.0784692,-12.080219
606937100,-77.0786194,-12.0806807
606937101,-77.0787629,-12.0812597
606937102,-77.0765437,-12.0808082
606937104,-77.076664,-12.0811292
606937106,-77.0761805,-12.0812649
606937112,-77.0802364,-12.0790489
606937113,-77.0804113,-12.0795996
606937114,-77.0805933,-12.0801726
606937115,-77.0807721,-12.0807353
606937116,-77.0809189,-12.0811598
606937120,-77.0801343,-12.0809186
606937122,-77.0799065,-12.0804073
606937123,-77.0796672,-12.0798676
606937130,-77.0817049,-12.0815547
606937131,-77.0799683,-12.0822553
606937142,-77.0796876,-12.0815444
606937145,-77.0801965,-12.0827087
606937223,-77.0815786,-12.0809776
606937238,-77.0818039,-12.0820301
606937253,-77.0762876,-12.0841472
606937264,-77.0755898,-12.0822942
606937275,-77.079182,-12.0798325
606937299,-77.0776423,-12.0834784
606937304,-77.0771516,-12.0825098
606937310,-77.0769878,-12.0820593
606937312,-77.0768437,-12.0815841
606937314,-77.0777038,-12.0819284
606937315,-77.0777543,-12.0823868
606937316,-77.0748507,-12.0817965
606937317,-77.07509,-12.0824307
606937318,-77.0755329,-12.083605
606937320,-77.0776521,-12.0814474
606937321,-77.0780515,-12.083278
606937322,-77.0782195,-12.083721
606937323,-77.0767156,-12.0839359
606937324,-77.0771349,-12.0837289
606937326,-77.0764714,-12.0820535
606937327,-77.0760256,-12.0821752
606937333,-77.0744391,-12.0856598
606937334,-77.0741443,-12.0850426
606937335,-77.0738169,-12.084417
606937336,-77.0748604,-12.0854444
606937337,-77.0742497,-12.0842113
606937338,-77.075795,-12.0800785
606937339,-77.0763162,-12.0816706
606937342,-77.0738713,-12.082318
606937343,-77.0734688,-12.0825162
606937344,-77.0731385,-12.0842009
606937345,-77.0740656,-12.0837477
606937346,-77.074694,-12.0840016
606937347,-77.0733944,-12.0846148
606937348,-77.0737403,-12.0852127
606937349,-77.0733317,-12.0853854
606937350,-77.0731649,-12.0810029
606937352,-77.0736333,-12.0818624
606937355,-77.0796114,-12.081067
606937356,-77.0819621,-12.0803935
606937357,-77.0753074,-12.0852159
606937361,-77.0728045,-12.0822422
607232763,-77.0948774,-12.0833863
607232771,-77.0954361,-12.0845854
607232820,-77.094791,-12.0848826
607232832,-77.0947508,-12.0864127
607232840,-77.0941215,-12.0851911
607232862,-77.1041662,-12.0825333
607232989,-77.0915777,-12.0849101
607232993,-77.0921513,-12.0860884
607233015,-77.0923675,-12.0845417
607233018,-77.0929143,-12.0857473
607233032,-77.0931897,-12.0841664
607233036,-77.0937558,-12.0853596
607233053,-77.0940089,-12.0837861
607233058,-77.0945724,-12.0849833
607233091,-77.0962707,-12.0821645
607233094,-77.0976387,-12.0815617
607233104,-77.0974362,-12.0811375
607233109,-77.0966031,-12.081507
607233114,-77.0960685,-12.0817393
607233118,-77.0954956,-12.0820081
607233130,-77.0962122,-12.0807563
607233153,-77.0957564,-12.0798808
607233164,-77.0966225,-12.0805574
607233168,-77.0970568,-12.0803467
607233172,-77.097457,-12.0801527
607233176,-77.0979713,-12.0799033
607233190,-77.0969245,-12.0824685
607233195,-77.0974804,-12.0836674
607233268,-77.0988169,-12.0816433
607233273,-77.097523,-12.0790219
607233287,-77.0970193,-12.0792668
607233291,-77.0983045,-12.0818667
607233309,-77.096594,-12.0794736
607233321,-77.0979333,-12.0820286
607233335,-77.0952921,-12.0801065
607233344,-77.0965027,-12.0826525
607233395,-77.0983661,-12.0786121
607233401,-77.0961685,-12.0796804
607233405,-77.0947485,-12.0803708
607233425,-77.095947,-12.0792153
607233446,-77.0965707,-12.0783891
607233453,-77.0963171,-12.0779037
607233470,-77.0957394,-12.078799
607233477,-77.1030635,-12.0831635
607233600,-77.0977947,-12.0762578
607233634,-77.0965871,-12.0768595
607233642,-77.0949331,-12.0776836
607233671,-77.09767,-12.0772467
607233677,-77.0979146,-12.0777265
607233687,-77.0990564,-12.0799662
607233717,-77.0943436,-12.0794872
607233770,-77.0947521,-12.0816256
607233777,-77.0952044,-12.0826336
607233783,-77.0954287,-12.0831325
607233798,-77.0942268,-12.081293
607233815,-77.0943957,-12.08177
607233824,-77.0948508,-12.0827954
607233846,-77.0945758,-12.0769681
607233854,-77.0952516,-12.0783065
607233861,-77.0952997,-12.0783979
607233883,-77.0962167,-12.0761453
607233888,-77.0969157,-12.0775037
607233909,-77.0974384,-12.0755562
607233919,-77.0981141,-12.0769177
607233930,-77.0981733,-12.0770022
607233956,-77.0995246,-12.0797594
607234036,-77.0941735,-12.0806031
607234045,-77.093119,-12.0804089
607234158,-77.0950318,-12.0810031
607234166,-77.0952298,-12.0814321
607234202,-77.0919091,-12.0791848
607234221,-77.0921342,-12.0806064
607234234,-77.0926808,-12.0808346
607234239,-77.0926088,-12.0805171
607234244,-77.0925109,-12.0800726
607234249,-77.0923268,-12.079112
607234266,-77.0937688,-12.0797239
607234283,-77.0935436,-12.0792284
607234320,-77.0933605,-12.0788235
607234325,-77.0913403,-12.0792645
607234353,-77.0907582,-12.0793172
607234357,-77.0903091,-12.0793319
607234366,-77.0896108,-12.0794306
607234384,-77.0903326,-12.0803946
607234390,-77.0903401,-12.0807675
607234399,-77.090354,-12.0812444
607234421,-77.0939605,-12.0801415
607234426,-77.0914962,-12.0806879
607234435,-77.0908549,-12.0807432
607234469,-77.0912846,-12.0787163
607234620,-77.0931378,-12.0783362
607234660,-77.0893615,-12.0789494
607234709,-77.0892171,-12.0781035
607234928,-77.0872332,-12.0801918
607234933,-77.0867643,-12.0788072
607234954,-77.0866083,-12.0804065
607234961,-77.0864058,-12.0794504
607234974,-77.0862967,-12.0788823
607235008,-77.0858407,-12.0794311
607235016,-77.0852473,-12.07945
607235253,-77.0887933,-12.0840695
607235317,-77.0860374,-12.0805461
607235355,-77.0861854,-12.08108
607235440,-77.0888701,-12.0820031
607235444,-77.0869896,-12.0829212
607235455,-77.087187,-12.0833433
607235460,-77.0881956,-12.0828617
607235462,-77.0886292,-12.0826545
607235465,-77.0890826,-12.082438
607235479,-77.0894187,-12.0843251
607235493,-77.0890048,-12.0845151
607235498,-77.088593,-12.0836479
607235525,-77.0875431,-12.0841504
607235531,-77.0869991,-12.0843626
607235590,-77.0852312,-12.087829
607235639,-77.0905065,-12.0868385
607235646,-77.0899421,-12.0856772
607235919,-77.0886602,-12.0852983
607235979,-77.0842524,-12.083156
607235986,-77.0840152,-12.0817877
607235998,-77.0830539,-12.0818419
607236026,-77.082406,-12.0790032
607236032,-77.0826586,-12.0807684
607236043,-77.0840362,-12.0794724
607236047,-77.0834816,-12.079478
607236051,-77.0830048,-12.0794824
607236061,-77.0841815,-12.0806048
607236067,-77.084278,-12.0811686
607236072,-77.0844078,-12.0817616
607236114,-77.0835584,-12.0806443
607236133,-77.0822726,-12.0813112
607236164,-77.0887457,-12.0779467
607236269,-77.0818078,-12.0792544
607236328,-77.0830539,-12.0807059
607236334,-77.0821669,-12.0808462
607236517,-77.0889878,-12.0779513
608319852,-77.1019607,-12.0802597
608319992,-77.099885,-12.0761733
608323421,-77.1000098,-12.0761133
608324797,-77.1020835,-12.0802061
608328399,-77.0993728,-12.0763094
608328581,-77.098698,-12.0749336
608330178,-77.0987374,-12.0766153
608330265,-77.0980676,-12.0752443
608332384,-77.1003475,-12.0770849
608335753,-77.0986344,-12.0779432
608335978,-77.098415,-12.0775
608336570,-77.0996583,-12.0768928
608339901,-77.1005822,-12.0775187
608340082,-77.0988461,-12.0783751
608342212,-77.1013023,-12.078974
608343403,-77.0981753,-12.0803555
608344578,-77.0990242,-12.0787285
608344588,-77.0985433,-12.0789597
608344616,-77.1002816,-12.0781243
608344710,-77.1017315,-12.0798128
608345636,-77.0985956,-12.081199
608345995,-77.1001078,-12.0777527
608347578,-77.1008059,-12.0791933
608347580,-77.1012356,-12.080032
608347911,-77.0983826,-12.0807681
608349962,-77.1010129,-12.0795975
608351590,-77.1003907,-12.0793768
608353080,-77.0998755,-12.0783195
608353245,-77.1001702,-12.0799725
608354337,-77.0999538,-12.0795698
608354342,-77.0994556,-12.0785212
608361413,-77.0998914,-12.0821175
608362281,-77.0982964,-12.0828246
608362390,-77.0980905,-12.0823732
608363338,-77.0996787,-12.0816561
608366760,-77.1017452,-12.0752792
608367975,-77.1031688,-12.0781494
608368322,-77.1002667,-12.0766208
608368350,-77.1019875,-12.0757638
608369409,-77.1006981,-12.0774615
608369928,-77.1024132,-12.0766154
608370637,-77.1042942,-12.0776522
608370639,-77.1014448,-12.0789111
608371462,-77.1019162,-12.0787028
608374086,-77.1011689,-12.0772293
608374093,-77.1007475,-12.0763814
608374213,-77.1021919,-12.0761727
608375093,-77.1009427,-12.0767779
608377872,-77.1030992,-12.0767534
608377883,-77.1026049,-12.0769987
608377887,-77.1013694,-12.0776241
608379186,-77.102955,-12.0787524
608379190,-77.1027586,-12.0783306
608379193,-77.1021729,-12.0772174
608379261,-77.1017948,-12.0774073
608380387,-77.1023399,-12.0785156
608389282,-77.1036755,-12.0779255
608390443,-77.1022467,-12.075035
608391261,-77.1029264,-12.0764071
608391884,-77.1040585,-12.0758608
608395242,-77.1035414,-12.0761092
608407956,-77.1016491,-12.0793315
608409916,-77.1023412,-12.0795226
608410175,-77.1025747,-12.0799875
608410439,-77.1021467,-12.0791149
608411436,-77.1036794,-12.0789299
608411446,-77.1034854,-12.0785168
608411455,-77.1038735,-12.0793731
608420779,-77.1033281,-12.0743845
608421673,-77.0990645,-12.07567
608421834,-77.1029991,-12.0737517
608424612,-77.1015819,-12.0744443
608425111,-77.1012351,-12.0737313
608442019,-77.1026313,-12.0730094
610683638,-77.1037873,-12.0741651
610683720,-77.1031995,-12.0729174
610683958,-77.1036817,-12.0728138
610684162,-77.1039702,-12.0734131
610684762,-77.1024931,-12.0755268
610684806,-77.1026912,-12.0759296
610686036,-77.1040478,-12.0771606
610703537,-77.0806022,-12.0765816
610703592,-77.0808164,-12.076512
611484206,-77.0886206,-12.0779524
611484210,-77.0878075,-12.077707
611484212,-77.0829688,-12.0777983
611484214,-77.0835266,-12.0777814
611484217,-77.0837021,-12.0780594
611484233,-77.0823372,-12.0780942
611484239,-77.0788719,-12.0789453
611484241,-77.0788183,-12.0787772
611484245,-77.0791937,-12.0785237
639073424,-77.0695483,-12.0809913
639090083,-77.0703701,-12.0813292
639090092,-77.070614,-12.0817552
639091478,-77.0706758,-12.0819159
639092815,-77.0702923,-12.0818757
639103463,-77.0752012,-12.0785052
639103465,-77.0757252,-12.0798815
639107216,-77.0731596,-12.0776029
639107769,-77.0695173,-12.0776763
639108336,-77.0711814,-12.0815393
639108340,-77.0708523,-12.0809224
639108342,-77.0706015,-12.0805938
639108344,-77.0702823,-12.0801204
639108346,-77.070138,-12.0796691
639108347,-77.0698147,-12.0786128
639108350,-77.0713823,-12.0816557
639111249,-77.0701335,-12.0807469
639111326,-77.0699596,-12.0811486
639112970,-77.0695598,-12.0804939
639113023,-77.0696658,-12.0781548
639118936,-77.0711032,-12.0772
639121074,-77.0713937,-12.0781366
639121077,-77.0714946,-12.0784819
639121102,-77.0730644,-12.0788549
639121104,-77.0735085,-12.0787106
639121840,-77.0738078,-12.0796598
639121842,-77.072866,-12.0766649
639122009,-77.0726995,-12.0777423
639122013,-77.0702721,-12.0784743
639122018,-77.0712529,-12.077678
639122625,-77.0728471,-12.0781647
639122940,-77.0716358,-12.0788806
639123058,-77.0729701,-12.076627
639123075,-77.073926,-12.0796953
649996489,-77.072795,-12.0809561
649996522,-77.0726904,-12.0793093
649996523,-77.0732604,-12.0807857
649996545,-77.0726922,-12.0796944
649996923,-77.0708952,-12.0789997
649996926,-77.0705911,-12.0789614
649996927,-77.0699803,-12.0791584
649996958,-77.0709232,-12.079432
649996972,-77.0709402,-12.079908
649997203,-77.0753634,-12.0788773
649997379,-77.0738625,-12.0794609
649998107,-77.0743849,-12.0767632
649998173,-77.0749983,-12.0780779
649998438,-77.0740306,-12.0783784
649998439,-77.0737375,-12.0774542
649998440,-77.0741316,-12.0773084
649998441,-77.0745661,-12.0771472
649998447,-77.0745389,-12.0782234
649998448,-77.0738626,-12.0778676
649998569,-77.0734127,-12.0780005
649998843,-77.076874,-12.0802085
649998852,-77.0766948,-12.0797346
649998889,-77.0766294,-12.0795626
649998890,-77.0761561,-12.079736
649998974,-77.0775172,-12.0792311
649998996,-77.0773246,-12.0787402
649999001,-77.0759821,-12.0792392
649999151,-77.0773493,-12.0779912
649999333,-77.0788606,-12.077348
649999455,-77.0808261,-12.0770834
649999744,-77.0784191,-12.0765564
649999745,-77.0782273,-12.0767605
649999746,-77.0748334,-12.0777099
650000390,-77.0785164,-12.0757185
650000403,-77.0810515,-12.0769819
650000841,-77.0787014,-12.0751446
650000842,-77.0786886,-12.0750523
650000855,-77.0788157,-12.0756446
650000866,-77.0753159,-12.0775734
650000867,-77.0750161,-12.0765574
650000868,-77.0754963,-12.0763996
650000869,-77.0757875,-12.077442
650000874,-77.0762639,-12.0773065
650000875,-77.0759661,-12.0762688
650000878,-77.0776809,-12.0769145
650000890,-77.0774138,-12.0759526
650000893,-77.0769313,-12.0760494
650000900,-77.0772173,-12.0770388
650000925,-77.0767423,-12.0771753
650000926,-77.0764494,-12.0761432
650000927,-77.0763414,-12.0756175
650000941,-77.0763797,-12.0755157
650001523,-77.082222,-12.0747965
650001527,-77.0830014,-12.0754038
650001532,-77.084054,-12.0752439
650001621,-77.0803553,-12.0748937
650001634,-77.0803424,-12.0755708
650004520,-77.0870822,-12.0754972
650004727,-77.0851761,-12.0770737
650004889,-77.0876211,-12.0768648
650004924,-77.0874222,-12.0763455
650004931,-77.0868743,-12.0765292
650004933,-77.0851777,-12.0766013
650004936,-77.0873032,-12.0744196
650004940,-77.0856066,-12.0749588
650004941,-77.0857525,-12.0765736
650005096,-77.0857345,-12.0758853
650005099,-77.0856925,-12.0754325
650005181,-77.0874851,-12.0748488
650005219,-77.0876615,-12.0752768
650005255,-77.0865682,-12.0756855
650007624,-77.0871452,-12.0736982
651807070,-77.083231,-12.0730384
651807699,-77.0813091,-12.0747185
651815992,-77.081252,-12.0736668
651816288,-77.0825137,-12.0732882
651816978,-77.0827209,-12.0738925
651817505,-77.0812824,-12.0742078
651817521,-77.0799772,-12.0737643
651818928,-77.0890642,-12.0719715
651820047,-77.0892794,-12.0723991
651821270,-77.0896272,-12.074212
651825536,-77.0880681,-12.074496
651825539,-77.0874985,-12.0745945
651825542,-77.0873922,-12.0746214
651825588,-77.0882343,-12.0749459
651825590,-77.0883996,-12.0753893
651825592,-77.0884962,-12.0756515
651825742,-77.0897343,-12.0746892
651826513,-77.0898232,-12.0751597
660655826,-77.0758477,-12.0717151
660655827,-77.074177,-12.0720641
660655829,-77.0724798,-12.0725917
660656187,-77.0740051,-12.0713029
660656213,-77.0757938,-12.0713344
660656335,-77.0740965,-12.0717034
660656428,-77.0760707,-12.0732574
660658282,-77.076232,-12.0744814
660658301,-77.0738526,-12.0749821
660658302,-77.07613,-12.0737149
660658466,-77.0741564,-12.0743072
660658615,-77.0756914,-12.0745941
660658637,-77.0755848,-12.073876
660658683,-77.0749205,-12.0759286
660658765,-77.0747813,-12.0747901
660658766,-77.0746088,-12.074173
660658768,-77.0748311,-12.0752695
660659121,-77.0737611,-12.0754984
660659185,-77.0744857,-12.0760716
660659262,-77.0742348,-12.0753852
660659720,-77.0743163,-12.0748789
660660077,-77.0740178,-12.0738506
660661108,-77.0735598,-12.0739817
660661135,-77.0745486,-12.0736881
660661142,-77.0744391,-12.0731997
660661944,-77.0727435,-12.0737786
660663766,-77.0743108,-12.0726331
660663767,-77.073134,-12.0729312
660663941,-77.0704923,-12.077279
660664315,-77.070394,-12.0767588
660664320,-77.0734999,-12.0763587
660664757,-77.0732742,-12.0758902
660664758,-77.0718747,-12.0749171
660664908,-77.071446,-12.0750289
660664909,-77.0727108,-12.0760623
660664946,-77.0723313,-12.0747951
660664947,-77.0709809,-12.0751467
660664975,-77.0713837,-12.0764536
660664996,-77.0708405,-12.0766206
660665116,-77.0705707,-12.0752532
660665145,-77.0716689,-12.0749695
660665146,-77.0715473,-12.0745292
660665147,-77.0720537,-12.0762498
660665150,-77.072211,-12.0767546
660666489,-77.0693651,-12.0751928
660666734,-77.0695535,-12.075701
660667858,-77.0694883,-12.0775835
661980193,-77.0919938,-12.073131
670348741,-77.0714964,-12.0745436
670349073,-77.0712679,-12.0732158
670349075,-77.0710915,-12.0719448
670352475,-77.0714023,-12.0740462
670352865,-77.0726469,-12.0733359
670352996,-77.0713125,-12.0736057
670355551,-77.0712063,-12.0724606
670358374,-77.0723929,-12.0722111
670358375,-77.07303,-12.0719989
670358377,-77.0740627,-12.0715616
670358382,-77.0721241,-12.073433
670358537,-77.071886,-12.0723111
670359123,-77.0710701,-12.0718458
670360999,-77.0710105,-12.0746739
670361366,-77.0707801,-12.0733604
670361374,-77.0704745,-12.0748085
670362670,-77.0702416,-12.0734806
670362671,-77.07012,-12.0728183
670366848,-77.0701416,-12.0721147
670367770,-77.0702579,-12.0727989
670373716,-77.0703274,-12.0739931
746676502,-77.0897136,-12.0745977
746786886,-77.0989563,-12.0736863
746786909,-77.098557,-12.0715337
746786911,-77.098386,-12.0709985
746786918,-77.0977304,-12.0696011
746786937,-77.0955298,-12.0734083
746786940,-77.0957844,-12.0744141
746786943,-77.0960178,-12.0752901
746786944,-77.0962624,-12.0757767
746786950,-77.0969344,-12.075621
746786953,-77.0966642,-12.0749806
746786962,-77.0961988,-12.0732681
746786967,-77.096054,-12.0726376
746786973,-77.0959432,-12.071974
746786988,-77.0972571,-12.0746964
746786993,-77.0979669,-12.0742147
746786999,-77.0983162,-12.0735482
746787013,-77.0982725,-12.0728119
746787016,-77.0981031,-12.0722779
746787019,-77.0979409,-12.0717282
746787033,-77.0967071,-12.0725676
746787041,-77.0951339,-12.0720735
746787044,-77.0950657,-12.0715091
746787046,-77.0950075,-12.0710271
746787048,-77.0949463,-12.0705211
746787054,-77.0960931,-12.070909
746787064,-77.096138,-12.0713833
746787066,-77.0944227,-12.0712338
746787068,-77.093864,-12.0713034
746787070,-77.0933579,-12.0713613
746787081,-77.0966958,-12.0718814
746787083,-77.0965241,-12.0703581
746787088,-77.0946485,-12.0761171
746787093,-77.0947546,-12.0735707
746787095,-77.0945292,-12.0721479
746787097,-77.0943472,-12.0705858
746787099,-77.094281,-12.0700068
746787101,-77.0962034,-12.071942
746787108,-77.0960234,-12.0704048
746787110,-77.0959516,-12.0698103
746787117,-77.0974884,-12.0702475
746787135,-77.0926158,-12.0735188
746787137,-77.0941215,-12.0731971
746787142,-77.0940356,-12.0727603
746787144,-77.0935216,-12.0728589
746787147,-77.0925803,-12.0730416
746787154,-77.0932774,-12.0706251
746787156,-77.0933997,-12.0717434
746787160,-77.0924408,-12.0718463
746787170,-77.0927983,-12.0708092
746787178,-77.0933738,-12.0760097
746787179,-77.0929198,-12.0750436
746787180,-77.0926456,-12.0740113
746787182,-77.0922937,-12.0710031
746787183,-77.0938182,-12.0748116
746787184,-77.0933289,-12.0749008
746787185,-77.0924686,-12.0752073
746787186,-77.0930936,-12.0739188
746787187,-77.0935691,-12.0738191
746787188,-77.0940356,-12.075138
746787189,-77.0945184,-12.0758514
746787190,-77.0948879,-12.0765953
746787191,-77.0942403,-12.0736785
746787208,-77.0908331,-12.0716531
746787209,-77.0910121,-12.0733362
746787230,-77.0909953,-12.0708123
746787245,-77.0894336,-12.0716254
746787316,-77.0898885,-12.0755088
746787322,-77.092279,-12.0749957
746787329,-77.0930203,-12.0767158
746787330,-77.0919903,-12.0770975
746787331,-77.0911978,-12.0772979
746787332,-77.0902773,-12.0774382
746787334,-77.0880371,-12.0723505
746787342,-77.0918763,-12.0690627
746787348,-77.0899211,-12.0756753
746787349,-77.0923317,-12.0751439
874867377,-77.0697297,-12.0678092
874867378,-77.0697176,-12.0683898
874867382,-77.0697162,-12.0701779
874867388,-77.0697896,-12.0706347
874867389,-77.070119,-12.0720202
874867397,-77.0726084,-12.0698431
874867399,-77.0721087,-12.0698426
874867400,-77.0714233,-12.0699019
874867407,-77.0711953,-12.0684249
874867418,-77.0715583,-12.0703371
874867436,-77.0717871,-12.0710804
874867439,-77.0719307,-12.0716486
874898733,-77.0696838,-12.0695665
874898756,-77.0696079,-12.0720863
874898790,-77.0739344,-12.0683345
874898798,-77.074663,-12.0683451
874898801,-77.0768892,-12.068727
874898808,-77.0748051,-12.0696678
874898823,-77.0697016,-12.0689738
874898834,-77.076537,-12.0691187
874898835,-77.0769549,-12.0690792
874898847,-77.0753337,-12.0709026
874898850,-77.0750982,-12.0696385
874898853,-77.0769509,-12.0684346
874898858,-77.0772742,-12.0704859
874898867,-77.0731682,-12.0698148
874898870,-77.0729399,-12.0678696
874898875,-77.0739961,-12.0697542
874898878,-77.074085,-12.0697386
874898902,-77.0729599,-12.0714184
874898906,-77.0723677,-12.0678572
874898911,-77.0704608,-12.0684075
874898912,-77.0704673,-12.0678283
874898918,-77.070228,-12.0700852
874898923,-77.0702365,-12.0684021
874898932,-77.0707773,-12.0700048
874898934,-77.0707795,-12.068415
874898938,-77.0748048,-12.0710178
874898942,-77.0745513,-12.0697045
874898952,-77.0712689,-12.0711918
874898953,-77.0710862,-12.070413
874898959,-77.0705539,-12.0713426
874898962,-77.0703874,-12.0705255
874898978,-77.0724831,-12.0715237
874898985,-77.0716608,-12.068436
874898988,-77.0716683,-12.0678426
874899012,-77.0699934,-12.071473
1175765727,-77.1015843,-12.0636606
1175765858,-77.102871,-12.0649977
1181353057,-77.0994363,-12.0684918
1181353062,-77.0869926,-12.0781471
1181353066,-77.0980264,-12.0691887
1181353069,-77.0934142,-12.0772895
1181353071,-77.0995881,-12.0717233
1273461261,-77.0740635,-12.0695551
1273462468,-77.1005195,-12.0707993
1273467279,-77.0878016,-12.0779732
1273469892,-77.0808079,-12.0642567
1273469960,-77.0733135,-12.0684017
1273478211,-77.0872173,-12.0783654
1273484050,-77.0945354,-12.0685984
1273487046,-77.0924741,-12.0754925
1273492525,-77.0993314,-12.0648119
1273508217,-77.1026204,-12.0676219
1273525541,-77.0986133,-12.0691257
1273541734,-77.0939589,-12.067642
1273549187,-77.0974129,-12.0696343
1273564211,-77.0979231,-12.0661598
1273566897,-77.0998792,-12.0693644
1273580248,-77.1040779,-12.0671143
1273587697,-77.0836497,-12.0639273
1273588261,-77.0968671,-12.0732285
1273589644,-77.0954354,-12.0680261
1273595088,-77.0972338,-12.0668869
1273606027,-77.0947836,-12.0665046
1273620803,-77.0759823,-12.0778656
1273624890,-77.0892321,-12.0779509
1273632542,-77.0993422,-12.066153
1273635073,-77.09687,-12.0678691
1273653410,-77.1033775,-12.0744846
1273658188,-77.1035143,-12.0685527
1273664088,-77.1013256,-12.0698429
1273677015,-77.0804673,-12.0832511
1273688685,-77.0901413,-12.0745066
1273689014,-77.0764379,-12.0706702
1273689991,-77.0866645,-12.0639695
1273690138,-77.0964494,-12.0683836
1273695071,-77.0766282,-12.0781521
1273703690,-77.0862833,-12.064087
1273708529,-77.0950087,-12.0685568
1273712021,-77.0870514,-12.0784337
1273713103,-77.1040822,-12.0673129
1273714364,-77.0948093,-12.0666811
1273721262,-77.0973109,-12.0673515
1273727980,-77.079972,-12.0646594
1273737524,-77.0736096,-12.0677805
1273741177,-77.0916516,-12.077189
1273742489,-77.0962017,-12.0756706
1273745171,-77.0737617,-12.0794988
1273749237,-77.0973695,-12.0692592
1273760921,-77.0937056,-12.0743707
1273771918,-77.0908198,-12.0753097
1273774021,-77.0842108,-12.0632715
1273784621,-77.0964991,-12.0688097
1273785270,-77.0789666,-12.064414
1273791755,-77.0899678,-12.0735545
1273814188,-77.0949659,-12.0680788
1273815907,-77.0982922,-12.0691596
1273817412,-77.0971922,-12.0664141
1273820172,-77.0954355,-12.0661705
1273832914,-77.076017,-12.0642848
1273834081,-77.0852497,-12.0639159
1273837300,-77.0983883,-12.0648207
1273842380,-77.1035631,-12.0724531
1273842885,-77.0979072,-12.0648268
1273845048,-77.0948318,-12.0757245
1273849029,-77.069476,-12.0678034
1273867352,-77.1019905,-12.0703048
1273872876,-77.0872945,-12.0785499
1273882646,-77.0749296,-12.0715236
1273887355,-77.0961497,-12.0657888
1273896930,-77.100062,-12.0709572
1273897049,-77.0955254,-12.0753868
1273897705,-77.074789,-12.0694945
1273906666,-77.0941991,-12.0668036
1273912057,-77.0736072,-12.0678894
1273913267,-77.0965942,-12.0655422
1273956368,-77.0963955,-12.0679209
1273964255,-77.0748478,-12.07112
1273965937,-77.0814367,-12.0753215
1273972470,-77.09198,-12.0695252
1273974433,-77.0840097,-12.0641296
1273979931,-77.0986522,-12.0695047
1273983934,-77.0708682,-12.0833963
1273983950,-77.1035695,-12.0689642
1273986850,-77.0764572,-12.070762
1355562672,-77.0783275,-12.064258
1368340888,-77.0950445,-12.0658114
1368361981,-77.0967351,-12.0649395
1371263278,-77.0962332,-12.0665291
1403237260,-77.0950572,-12.0689618
1403237263,-77.0925186,-12.0684097
1403237264,-77.0952246,-12.0658025
1403237266,-77.0929946,-12.0683068
1403237267,-77.0911924,-12.0687368
1403237269,-77.0951256,-12.0695225
1403237276,-77.0965638,-12.0651077
1403237279,-77.0917123,-12.0686086
1409885103,-77.0810723,-12.0633461
1409885111,-77.0794599,-12.0645364
1409885120,-77.083667,-12.0637986
1409885140,-77.0821944,-12.0638736
1409885145,-77.084164,-12.0635927
1409885147,-77.0851862,-12.0637434
1409885149,-77.0855926,-12.0647995
1409885150,-77.0854317,-12.0644317
1409885159,-77.0859706,-12.0646336
1409885160,-77.0852113,-12.0649949
1451644706,-77.0778951,-12.0702659
1674944692,-77.078353,-12.0632447
1829377356,-77.1012458,-12.0643896
1829377358,-77.0973194,-12.0648274
1829377361,-77.0980596,-12.066157
1829377363,-77.0940393,-12.0664348
1829377364,-77.0957479,-12.0665846
1829377368,-77.0963421,-12.0674636
1829377369,-77.0944374,-12.0675436
1829377371,-77.0914917,-12.0676792
1829377372,-77.0934672,-12.0677431
1829377374,-77.0959136,-12.0679738
1829377375,-77.0944922,-12.0681293
1829377376,-77.0915976,-12.0681274
1832795830,-77.0723794,-12.0721421
1832795850,-77.0730489,-12.074644
1832795853,-77.073483,-12.0751197
1832795855,-77.075847,-12.0756481
1832795857,-77.0753436,-12.0757999
1832795859,-77.0741563,-12.076272
1834912733,-77.0912712,-12.0714427
1834912734,-77.0897174,-12.0721888
1834912735,-77.0881079,-12.0724698
1834912737,-77.0914922,-12.0732358
1834912738,-77.0920158,-12.0736112
1834912739,-77.0895265,-12.0736468
1834912740,-77.0900518,-12.0740172
1834944597,-77.1008005,-12.0635842
1834944598,-77.0992146,-12.0642287
1834944600,-77.1036276,-12.0645061
1836204801,-77.0752998,-12.0648043
1836204802,-77.0779785,-12.0651686
1836204803,-77.0737965,-12.06542
1836204804,-77.0742914,-12.0654222
1836204805,-77.0747968,-12.0654277
1836204809,-77.0762485,-12.0664304
1836204810,-77.0772528,-12.0664673
1836204814,-77.0762203,-12.066902
1836204816,-77.0772256,-12.0669382
1836204818,-77.0777729,-12.0669606
1836204825,-77.0751881,-12.06733
1836204826,-77.0756782,-12.067445
1836204830,-77.0737186,-12.0677844
1836204832,-77.0737143,-12.0678926
1836213609,-77.0716721,-12.0646587
1836213610,-77.0719829,-12.065026
1836213613,-77.0731642,-12.0653739
1836213617,-77.0771019,-12.0683432
1836213618,-77.0777345,-12.0685581
1836215276,-77.0705809,-12.06783
1836215278,-77.0705737,-12.0684102
1842328271,-77.1016107,-12.0733825
1842988775,-77.0973298,-12.0635226
1842988776,-77.097364,-12.0642467
1842988777,-77.0973692,-12.0643568
1842988778,-77.0973894,-12.0648271
1842988779,-77.0974544,-12.0661696
1842988781,-77.0975791,-12.067326
1842988783,-77.0978012,-12.0682688
1843102399,-77.0778982,-12.0685285
1843117184,-77.073648,-12.0661391
1843117186,-77.0737754,-12.0661475
1843155243,-77.0970686,-12.0636979
1843155255,-77.0971136,-12.064761
1843155256,-77.0971169,-12.0648314
1843209609,-77.0818925,-12.083925
1843209611,-77.0876621,-12.0857679
1843209613,-77.0890481,-12.0860782
2000840949,-77.0731463,-12.0669389
2054187110,-77.0739648,-12.0685794
2054187116,-77.0747292,-12.0690035
2054187117,-77.0763026,-12.0690591
2054187123,-77.0761607,-12.0695875
2054187125,-77.0757244,-12.0708238
2054187126,-77.0756855,-12.0708335
2054187127,-77.0757005,-12.0709215
2054187128,-77.0739827,-12.0712034
2054187129,-77.0757521,-12.0713423
2054187130,-77.0726811,-12.0715972
2054187133,-77.0757995,-12.0717168
2054187138,-77.0750046,-12.0718894
2054187159,-77.0760217,-12.0732721
2054187164,-77.0760833,-12.0737305
2054187170,-77.0728376,-12.07419
2054187172,-77.0736954,-12.0744448
2054187173,-77.0761852,-12.0744996
2054187182,-77.0778944,-12.0752152
2054187184,-77.0779125,-12.0753083
2054187187,-77.0763332,-12.0755289
2054187188,-77.076395,-12.0756094
2054187194,-77.0782119,-12.0757843
2054187205,-77.0729357,-12.0765363
2054187207,-77.0728374,-12.0765672
2054187233,-77.0783985,-12.0769101
2054187247,-77.0732688,-12.0775692
2054187258,-77.073298,-12.0780421
2054187269,-77.0715424,-12.0786041
2054406430,-77.0733557,-12.0686448
2054406431,-77.0746863,-12.0686678
2054406432,-77.0739822,-12.068712
2054406433,-77.0739922,-12.0688218
2054406434,-77.0733706,-12.0688935
2054406435,-77.0740138,-12.0690587
2054406437,-77.0734024,-12.0691222
2054406441,-77.0747599,-12.069242
2054406442,-77.0740394,-12.0693087
2054406444,-77.0770243,-12.0693872
2055553810,-77.0715682,-12.0678419
2055553887,-77.0751455,-12.0692298
2055553906,-77.075116,-12.0696379
2055554069,-77.0704895,-12.0727733
2059583578,-77.0710709,-12.0771064
2059583619,-77.0755381,-12.0784216
2059583797,-77.0702195,-12.0831389
2059583798,-77.0705761,-12.0840984
2114005504,-77.0999541,-12.0699791
2114005508,-77.0983299,-12.0701708
2147072361,-77.1012315,-12.0688465
2147072367,-77.1031256,-12.0704895
2147072371,-77.1037244,-12.0723041
2147072375,-77.1038278,-12.0722562
2166141098,-77.0861065,-12.0649966
2166144484,-77.086494,-12.0634441
2166144486,-77.0870613,-12.0633429
2166157456,-77.0777277,-12.0679817
2166203818,-77.0965799,-12.0708528
2166203827,-77.0966346,-12.0713388
2166203829,-77.0942368,-12.0696113
2166203832,-77.0974066,-12.0678114
2166203835,-77.0974764,-12.0692477
2166203841,-77.0974757,-12.0678019
2166203844,-77.0975497,-12.0683422
2166218024,-77.0975449,-12.0735668
2166218025,-77.0990614,-12.0735027
2166222104,-77.0953234,-12.0745088
2166222105,-77.0956622,-12.0756893
2166222106,-77.0940588,-12.0761038
2166222107,-77.0958905,-12.076123
2166222108,-77.0945286,-12.075872
2166222109,-77.0965112,-12.0755269
2166222110,-77.0944137,-12.0750653
2166222111,-77.0953989,-12.0748443
2166222112,-77.0946777,-12.0761754
2166222220,-77.0956633,-12.0739356
2166224153,-77.0884785,-12.0769849
2166227199,-77.0946537,-12.0729335
2166227201,-77.0940878,-12.0730281
2166228516,-77.0981354,-12.0824715
2166228518,-77.0982395,-12.0826999
2166238123,-77.0912973,-12.0843258
2166238126,-77.0917726,-12.0832016
2166238128,-77.0921282,-12.083945
2166238131,-77.0899517,-12.0839943
2166238132,-77.091745,-12.0831414
2166238134,-77.090917,-12.0835378
2166238135,-77.0899794,-12.0840552
2166238136,-77.090947,-12.0835995
2166239366,-77.0943329,-12.0830324
2166239367,-77.0938191,-12.0833554
2168739224,-77.0737504,-12.0632385
2397205844,-77.081469,-12.0789899
2461127768,-77.0752823,-12.065433
2461127770,-77.0757533,-12.066419
2461127773,-77.0757732,-12.0659379
2461127774,-77.0757936,-12.0654454
2461132332,-77.0779368,-12.0669647
2722622166,-77.0794982,-12.0739453
2722622167,-77.079978,-12.0748006
2722696811,-77.0776694,-12.0787247
2726174139,-77.0840673,-12.0843859
2726174142,-77.0837934,-12.0832712
2991671332,-77.0779126,-12.0689111
2991672836,-77.0777477,-12.0689462
2991672868,-77.0779947,-12.0706968
2991672873,-77.0773789,-12.0705631
3023734530,-77.0937485,-12.0868701
3023740033,-77.0932,-12.0863278
3216764001,-77.103913,-12.07935
3340413215,-77.0998383,-12.0760781
3350756525,-77.1033913,-12.0666863
3350756526,-77.1027767,-12.0666903
3354328563,-77.1031814,-12.066202
3355971290,-77.0780069,-12.0699423
3444203993,-77.0884148,-12.084786
3495145383,-77.0925098,-12.0827663
3495160478,-77.092176,-12.0821063
3724784409,-77.0840412,-12.087692
3743408005,-77.0705323,-12.0635202
3743408017,-77.0999616,-12.0760168
3962686473,-77.082286,-12.0759379
3962693283,-77.0839968,-12.0745218
3962693284,-77.0837378,-12.0744164
3962740783,-77.082215,-12.0746756
3962740794,-77.0822745,-12.0638784
3962773903,-77.095008,-12.065765
3962773910,-77.0965355,-12.0650348
3962773911,-77.0967639,-12.0650046
3962773916,-77.0966917,-12.0648521
4041852018,-77.0879942,-12.0801545
4041852019,-77.0878501,-12.0802184
4041852033,-77.0871603,-12.0781444
4041852511,-77.0886085,-12.0776682
4041865281,-77.1025516,-12.0643897
4041865282,-77.1025336,-12.0644971
4041865390,-77.08716,-12.0779857
4041865391,-77.0869919,-12.077987
4139638809,-77.088001,-12.0758203
4139638811,-77.0875853,-12.0745795
4139638812,-77.0869679,-12.0729476
4139638815,-77.0869709,-12.0730557
4158625094,-77.0995763,-12.0732777
4172109232,-77.0857123,-12.0866638
4172109233,-77.0848699,-12.0870464
4190293797,-77.0848665,-12.0864028
4220085294,-77.1019942,-12.0636057
4220085295,-77.101598,-12.0635731
4220087156,-77.1015659,-12.0638714
4221913058,-77.1016835,-12.0751725
4224818787,-77.1025444,-12.0728349
4224818788,-77.1020295,-12.073072
4224818789,-77.1015704,-12.0733002
4224818799,-77.099441,-12.0730567
4224818803,-77.0984096,-12.0701632
4224818810,-77.1003627,-12.0693119
4224821590,-77.1033398,-12.0699374
4242281970,-77.0929172,-12.0717982
4261528977,-77.093915,-12.0812078
4261655424,-77.075311,-12.0830167
4261655426,-77.0752597,-12.0830362
4261655435,-77.0770826,-12.087385
4261655436,-77.0767,-12.0875807
4261655437,-77.0765798,-12.0876402
4268640749,-77.0976236,-12.0771557
4270558488,-77.0797498,-12.0800632
4270560989,-77.0793203,-12.0802301
4270575248,-77.0853614,-12.0632167
4270651108,-77.074421,-12.0818325
4270651109,-77.074976,-12.0821287
4276978176,-77.0860749,-12.0874256
4297188547,-77.074918,-12.08215
4331243720,-77.0901233,-12.0860502
4331243721,-77.0892284,-12.0864571
4331243722,-77.0903059,-12.086426
4331243723,-77.0894133,-12.0868458
4331271526,-77.0892396,-12.0823722
4331445424,-77.0899241,-12.0856403
4331445591,-77.1041796,-12.0684748
4331493647,-77.0871483,-12.0786683
4331503412,-77.0829667,-12.0789171
4332507063,-77.0805096,-12.0758705
4332507067,-77.0803242,-12.0759588
4332507087,-77.077843,-12.0699706
4332672411,-77.1040762,-12.065773
4332689687,-77.1033988,-12.0680613
4336221944,-77.0755193,-12.0680683
4337268535,-77.0771341,-12.070516
4337268536,-77.0771534,-12.0706129
4337335334,-77.0984357,-12.0705118
4337335335,-77.0983284,-12.0705459
4337344087,-77.1026689,-12.0730851
4337363110,-77.0694805,-12.0675786
4337584909,-77.0965714,-12.0693562
4337589731,-77.0905258,-12.0712203
4337589732,-77.0907645,-12.0716871
4337589741,-77.0909625,-12.0707155
4337589742,-77.0893911,-12.07155
4337589743,-77.0879958,-12.072271
4337600048,-77.0988148,-12.0714467
4337600049,-77.0987449,-12.0714702
4337660504,-77.0986253,-12.0715106
4337702896,-77.0973011,-12.0644327
4337702901,-77.0971805,-12.0644393
4337745395,-77.0974393,-12.0668724
4337745396,-77.0973137,-12.0668893
4337745397,-77.0973807,-12.0673393
4341331576,-77.0975055,-12.0668632
4341331577,-77.0972971,-12.0667555
4341331578,-77.0972113,-12.066695
4341838911,-77.0744506,-12.0819129
4343286741,-77.0782497,-12.0878195
4343286742,-77.0786783,-12.0875851
4343393903,-77.0767095,-12.0795293
4343393904,-77.0767739,-12.0797044
4343393905,-77.0769634,-12.0801785
4343408399,-77.0800287,-12.0783869
4343408400,-77.0798588,-12.0784272
4343408401,-77.0799592,-12.0782885
4346558747,-77.0845603,-12.0780441
4346558749,-77.0844736,-12.0780465
4346558750,-77.0845029,-12.0777592
4346558755,-77.0844622,-12.0778617
4346558757,-77.084549,-12.0778762
4346558760,-77.0847226,-12.0780384
4346571268,-77.0900302,-12.0778033
4346571269,-77.090066,-12.0779356
4346571270,-77.0896618,-12.077803
4346571271,-77.0896144,-12.0779435
4346571272,-77.0894792,-12.0778032
4346571273,-77.0895842,-12.0779448
4346601316,-77.0917462,-12.0777852
4346601317,-77.0918507,-12.0776405
4346609884,-77.0988943,-12.0723533
4346609885,-77.0988348,-12.072372
4346615024,-77.0984594,-12.070976
4346623029,-77.0970808,-12.0640582
4346623030,-77.0971585,-12.0639636
4346623031,-77.0969984,-12.063692
4346623033,-77.0971376,-12.06355
4346623034,-77.0970589,-12.0634638
4347476109,-77.0887491,-12.0781185
4347476110,-77.0886339,-12.0781195
4406247071,-77.0784627,-12.0759999
4406252095,-77.0768345,-12.0784523
4406285449,-77.0752646,-12.075416
4406285450,-77.0757453,-12.0751682
4429518880,-77.0879929,-12.0839353
4429518881,-77.0876122,-12.0831402
4439756186,-77.0929781,-12.0836738
4439778396,-77.0896591,-12.0862646
4439786092,-77.0816622,-12.0854591
4738331491,-77.0940106,-12.068182
4738331492,-77.0939669,-12.0678448
4738331493,-77.0934331,-12.0682452
4738331501,-77.0943413,-12.0675634
5007846146,-77.0921395,-12.0840581
5049882985,-77.0883681,-12.077036
5052322885,-77.0932484,-12.0809017
5260800878,-77.0925715,-12.082767
5381377898,-77.0810663,-12.0649192
5381377899,-77.0800825,-12.0642033
5393451565,-77.0966682,-12.0664802
5393451566,-77.0962875,-12.0669949
5393451567,-77.0952931,-12.0666375
5433316550,-77.0914504,-12.0758741
5437755529,-77.0931053,-12.0692508
5437755530,-77.094595,-12.0690766
5437755531,-77.09305,-12.0687794
5437755532,-77.0908507,-12.0754713
5457715974,-77.097031,-12.0693003
5475079661,-77.0976437,-12.0712225
5475079662,-77.0975613,-12.0707547
5500275788,-77.0925353,-12.082824
5543183484,-77.0957629,-12.0758966
5543194925,-77.0765349,-12.0777271
5543194928,-77.0761393,-12.0637297
5615941388,-77.0845181,-12.0636487
5615941393,-77.0847342,-12.0647494
5615941396,-77.0844703,-12.0640569
5615941397,-77.0844203,-12.064049
5615941400,-77.0841027,-12.0643566
5615941402,-77.0832425,-12.0645116
5615941403,-77.0834084,-12.0650976
5615941404,-77.0829389,-12.0649455
5728765646,-77.0973936,-12.07307
5728765647,-77.080173,-12.0833977
5728906441,-77.1040867,-12.0646758
5818344733,-77.0903184,-12.0813945
5818969935,-77.0867909,-12.0728677
5941662177,-77.089837,-12.0866466
6108513977,-77.0922416,-12.0820835
6129317401,-77.0923693,-12.075242
6129338728,-77.1008323,-12.0748088
6129338729,-77.1011564,-12.0754309
6129373520,-77.1021995,-12.0749253
6129476440,-77.0969641,-12.0775895
6129476441,-77.0962668,-12.0778139
6131565503,-77.0878918,-12.0758623
6178838685,-77.0913742,-12.0844806
6290603420,-77.087806,-12.0726142
6290603421,-77.0877361,-12.0725052
6295032956,-77.0920859,-12.0731117
6302693059,-77.0876669,-12.0750053
6302693060,-77.0875652,-12.0750432
6302798876,-77.0998632,-12.0806151
6302798877,-77.1000847,-12.0810761
6495435022,-77.0976098,-12.0683247
6855748075,-77.0798793,-12.0868975
7070680189,-77.0974123,-12.0632819
7792299868,-77.0969522,-12.0851933
7792299884,-77.0970068,-12.0852261
7792325685,-77.0969442,-12.0852542
7792325687,-77.0998515,-12.0841116
7792325688,-77.0990033,-12.0844118
7792325726,-77.1034673,-12.0840899
7792325729,-77.0971023,-12.0854184
7844337808,-77.0917377,-12.0813175
8234459405,-77.098519,-12.0638393
8234580973,-77.0935158,-12.0759301
8796463076,-77.1038351,-12.0680453
8888643815,-77.0758665,-12.0783395
8888643816,-77.0757649,-12.0779204
8888728717,-77.0764414,-12.0785576
8888728718,-77.0763573,-12.0782189
8888728719,-77.0763177,-12.0780364
9133769698,-77.0937692,-12.076262
9312871446,-77.0830354,-12.075882
9312871507,-77.0807112,-12.0763085
9312871513,-77.0805243,-12.0764027
9414308158,-77.0937425,-12.0770733
9414308160,-77.0941675,-12.0769333
9414308206,-77.0790114,-12.0787032
9416795275,-77.099623,-12.0732346
9821725584,-77.0719441,-12.0654742
9826105373,-77.0752266,-12.0734962
9826105375,-77.0748943,-12.0735913
9989609577,-77.0738834,-12.0678994
10011691220,-77.0871221,-12.073645
10011801326,-77.0909927,-12.0762197
10018664099,-77.0788497,-12.075782
10204731266,-77.0843631,-12.0780492
10681621804,-77.0910932,-12.0692746
10687063396,-77.0872095,-12.0744531
10687109942,-77.1036029,-12.0723604
10691273528,-77.0931271,-12.0766787
10691273529,-77.0925764,-12.0754519
10691273530,-77.0950943,-12.0658684
10691273531,-77.0951906,-12.0657406
10691359315,-77.0819619,-12.0650569
10691359316,-77.0817165,-12.0650946
10697822828,-77.070256,-12.0633424
10697822829,-77.070555,-12.0636684
10697822830,-77.071188,-12.0644508
10697822831,-77.0715716,-12.0676217
10719570227,-77.0752142,-12.0734443
10719570228,-77.0748821,-12.0735413
